filename,fold,target,category
Racing_1.wav,1,0,Racing
Racing_10.wav,1,0,Racing
Racing_100.wav,1,0,Racing
Racing_101.wav,1,0,Racing
Racing_102.wav,1,0,Racing
Racing_103.wav,1,0,Racing
Racing_104.wav,1,0,Racing
Racing_105.wav,1,0,Racing
Racing_106.wav,1,0,Racing
Racing_107.wav,1,0,Racing
Racing_108.wav,1,0,Racing
Racing_109.wav,1,0,Racing
Racing_11.wav,1,0,Racing
Racing_110.wav,1,0,Racing
Racing_111.wav,1,0,Racing
Racing_112.wav,1,0,Racing
Racing_113.wav,1,0,Racing
Racing_114.wav,1,0,Racing
Racing_115.wav,1,0,Racing
Racing_116.wav,1,0,Racing
Racing_117.wav,1,0,Racing
Racing_118.wav,1,0,Racing
Racing_119.wav,1,0,Racing
Racing_12.wav,1,0,Racing
Racing_120.wav,1,0,Racing
Racing_121.wav,1,0,Racing
Racing_122.wav,1,0,Racing
Racing_123.wav,1,0,Racing
Racing_124.wav,1,0,Racing
Racing_125.wav,1,0,Racing
Racing_126.wav,1,0,Racing
Racing_127.wav,1,0,Racing
Racing_128.wav,1,0,Racing
Racing_129.wav,1,0,Racing
Racing_13.wav,1,0,Racing
Racing_130.wav,1,0,Racing
Racing_131.wav,1,0,Racing
Racing_132.wav,1,0,Racing
Racing_133.wav,1,0,Racing
Racing_134.wav,1,0,Racing
Racing_135.wav,1,0,Racing
Racing_136.wav,1,0,Racing
Racing_137.wav,1,0,Racing
Racing_138.wav,1,0,Racing
Racing_139.wav,1,0,Racing
Racing_14.wav,1,0,Racing
Racing_140.wav,1,0,Racing
Racing_141.wav,1,0,Racing
Racing_142.wav,1,0,Racing
Racing_143.wav,1,0,Racing
Racing_144.wav,1,0,Racing
Racing_145.wav,1,0,Racing
Racing_146.wav,1,0,Racing
Racing_147.wav,1,0,Racing
Racing_148.wav,1,0,Racing
Racing_149.wav,1,0,Racing
Racing_15.wav,1,0,Racing
Racing_150.wav,1,0,Racing
Racing_151.wav,1,0,Racing
Racing_152.wav,1,0,Racing
Racing_153.wav,1,0,Racing
Racing_154.wav,1,0,Racing
Racing_155.wav,1,0,Racing
Racing_156.wav,1,0,Racing
Racing_157.wav,1,0,Racing
Racing_158.wav,1,0,Racing
Racing_159.wav,1,0,Racing
Racing_16.wav,1,0,Racing
Racing_160.wav,1,0,Racing
Racing_161.wav,1,0,Racing
Racing_162.wav,1,0,Racing
Racing_163.wav,1,0,Racing
Racing_164.wav,1,0,Racing
Racing_165.wav,1,0,Racing
Racing_166.wav,1,0,Racing
Racing_167.wav,1,0,Racing
Racing_168.wav,1,0,Racing
Racing_169.wav,1,0,Racing
Racing_17.wav,1,0,Racing
Racing_170.wav,1,0,Racing
Racing_171.wav,1,0,Racing
Racing_172.wav,1,0,Racing
Racing_173.wav,1,0,Racing
Racing_174.wav,1,0,Racing
Racing_175.wav,1,0,Racing
Racing_176.wav,1,0,Racing
Racing_177.wav,1,0,Racing
Racing_178.wav,1,0,Racing
Racing_179.wav,1,0,Racing
Racing_18.wav,1,0,Racing
Racing_180.wav,1,0,Racing
Racing_181.wav,1,0,Racing
Racing_182.wav,1,0,Racing
Racing_183.wav,1,0,Racing
Racing_184.wav,1,0,Racing
Racing_185.wav,1,0,Racing
Racing_186.wav,1,0,Racing
Racing_187.wav,1,0,Racing
Racing_188.wav,1,0,Racing
Racing_189.wav,1,0,Racing
Racing_19.wav,1,0,Racing
Racing_190.wav,1,0,Racing
Racing_191.wav,1,0,Racing
Racing_192.wav,1,0,Racing
Racing_193.wav,1,0,Racing
Racing_194.wav,1,0,Racing
Racing_195.wav,1,0,Racing
Racing_196.wav,1,0,Racing
Racing_197.wav,1,0,Racing
Racing_198.wav,1,0,Racing
Racing_199.wav,1,0,Racing
Racing_2.wav,1,0,Racing
Racing_20.wav,1,0,Racing
Racing_200.wav,1,0,Racing
Racing_201.wav,1,0,Racing
Racing_202.wav,1,0,Racing
Racing_203.wav,1,0,Racing
Racing_204.wav,1,0,Racing
Racing_205.wav,1,0,Racing
Racing_206.wav,1,0,Racing
Racing_207.wav,1,0,Racing
Racing_208.wav,1,0,Racing
Racing_209.wav,1,0,Racing
Racing_21.wav,1,0,Racing
Racing_210.wav,1,0,Racing
Racing_211.wav,1,0,Racing
Racing_212.wav,1,0,Racing
Racing_213.wav,1,0,Racing
Racing_214.wav,1,0,Racing
Racing_215.wav,1,0,Racing
Racing_216.wav,1,0,Racing
Racing_217.wav,1,0,Racing
Racing_218.wav,1,0,Racing
Racing_219.wav,1,0,Racing
Racing_22.wav,1,0,Racing
Racing_220.wav,1,0,Racing
Racing_221.wav,1,0,Racing
Racing_222.wav,1,0,Racing
Racing_223.wav,1,0,Racing
Racing_224.wav,1,0,Racing
Racing_225.wav,1,0,Racing
Racing_226.wav,1,0,Racing
Racing_227.wav,1,0,Racing
Racing_228.wav,1,0,Racing
Racing_229.wav,1,0,Racing
Racing_23.wav,1,0,Racing
Racing_230.wav,1,0,Racing
Racing_231.wav,1,0,Racing
Racing_232.wav,1,0,Racing
Racing_233.wav,1,0,Racing
Racing_234.wav,1,0,Racing
Racing_235.wav,1,0,Racing
Racing_236.wav,1,0,Racing
Racing_237.wav,1,0,Racing
Racing_238.wav,1,0,Racing
Racing_239.wav,1,0,Racing
Racing_24.wav,1,0,Racing
Racing_240.wav,1,0,Racing
Racing_241.wav,1,0,Racing
Racing_242.wav,1,0,Racing
Racing_243.wav,1,0,Racing
Racing_244.wav,1,0,Racing
Racing_245.wav,1,0,Racing
Racing_246.wav,1,0,Racing
Racing_247.wav,1,0,Racing
Racing_248.wav,1,0,Racing
Racing_249.wav,1,0,Racing
Racing_25.wav,1,0,Racing
Racing_250.wav,1,0,Racing
Racing_251.wav,1,0,Racing
Racing_252.wav,1,0,Racing
Racing_253.wav,1,0,Racing
Racing_254.wav,1,0,Racing
Racing_255.wav,1,0,Racing
Racing_256.wav,1,0,Racing
Racing_257.wav,1,0,Racing
Racing_258.wav,1,0,Racing
Racing_259.wav,1,0,Racing
Racing_26.wav,1,0,Racing
Racing_260.wav,1,0,Racing
Racing_261.wav,1,0,Racing
Racing_262.wav,1,0,Racing
Racing_263.wav,1,0,Racing
Racing_264.wav,1,0,Racing
Racing_265.wav,1,0,Racing
Racing_266.wav,1,0,Racing
Racing_267.wav,1,0,Racing
Racing_268.wav,1,0,Racing
Racing_269.wav,1,0,Racing
Racing_27.wav,1,0,Racing
Racing_270.wav,1,0,Racing
Racing_271.wav,1,0,Racing
Racing_272.wav,1,0,Racing
Racing_273.wav,1,0,Racing
Racing_274.wav,1,0,Racing
Racing_275.wav,1,0,Racing
Racing_276.wav,1,0,Racing
Racing_277.wav,1,0,Racing
Racing_278.wav,1,0,Racing
Racing_279.wav,1,0,Racing
Racing_28.wav,1,0,Racing
Racing_280.wav,1,0,Racing
Racing_281.wav,1,0,Racing
Racing_282.wav,1,0,Racing
Racing_283.wav,1,0,Racing
Racing_284.wav,1,0,Racing
Racing_285.wav,1,0,Racing
Racing_286.wav,1,0,Racing
Racing_287.wav,1,0,Racing
Racing_288.wav,1,0,Racing
Racing_289.wav,1,0,Racing
Racing_29.wav,1,0,Racing
Racing_290.wav,1,0,Racing
Racing_291.wav,1,0,Racing
Racing_292.wav,1,0,Racing
Racing_293.wav,1,0,Racing
Racing_294.wav,1,0,Racing
Racing_295.wav,1,0,Racing
Racing_296.wav,1,0,Racing
Racing_297.wav,1,0,Racing
Racing_298.wav,1,0,Racing
Racing_299.wav,1,0,Racing
Racing_3.wav,1,0,Racing
Racing_30.wav,1,0,Racing
Racing_300.wav,1,0,Racing
Racing_301.wav,1,0,Racing
Racing_302.wav,1,0,Racing
Racing_303.wav,1,0,Racing
Racing_304.wav,1,0,Racing
Racing_305.wav,1,0,Racing
Racing_306.wav,1,0,Racing
Racing_307.wav,1,0,Racing
Racing_308.wav,1,0,Racing
Racing_309.wav,1,0,Racing
Racing_31.wav,1,0,Racing
Racing_310.wav,1,0,Racing
Racing_311.wav,1,0,Racing
Racing_312.wav,1,0,Racing
Racing_313.wav,1,0,Racing
Racing_314.wav,1,0,Racing
Racing_315.wav,1,0,Racing
Racing_316.wav,1,0,Racing
Racing_317.wav,1,0,Racing
Racing_318.wav,1,0,Racing
Racing_319.wav,1,0,Racing
Racing_32.wav,1,0,Racing
Racing_320.wav,1,0,Racing
Racing_321.wav,1,0,Racing
Racing_322.wav,1,0,Racing
Racing_323.wav,1,0,Racing
Racing_324.wav,1,0,Racing
Racing_325.wav,1,0,Racing
Racing_326.wav,1,0,Racing
Racing_327.wav,1,0,Racing
Racing_328.wav,1,0,Racing
Racing_329.wav,1,0,Racing
Racing_33.wav,1,0,Racing
Racing_330.wav,1,0,Racing
Racing_331.wav,1,0,Racing
Racing_332.wav,1,0,Racing
Racing_333.wav,1,0,Racing
Racing_334.wav,1,0,Racing
Racing_335.wav,1,0,Racing
Racing_336.wav,1,0,Racing
Racing_337.wav,1,0,Racing
Racing_338.wav,1,0,Racing
Racing_339.wav,1,0,Racing
Racing_34.wav,1,0,Racing
Racing_340.wav,1,0,Racing
Racing_341.wav,1,0,Racing
Racing_342.wav,1,0,Racing
Racing_343.wav,1,0,Racing
Racing_344.wav,1,0,Racing
Racing_345.wav,1,0,Racing
Racing_346.wav,1,0,Racing
Racing_347.wav,1,0,Racing
Racing_348.wav,1,0,Racing
Racing_349.wav,1,0,Racing
Racing_35.wav,1,0,Racing
Racing_350.wav,1,0,Racing
Racing_351.wav,1,0,Racing
Racing_352.wav,1,0,Racing
Racing_353.wav,1,0,Racing
Racing_354.wav,1,0,Racing
Racing_355.wav,1,0,Racing
Racing_356.wav,1,0,Racing
Racing_357.wav,1,0,Racing
Racing_358.wav,1,0,Racing
Racing_359.wav,1,0,Racing
Racing_36.wav,1,0,Racing
Racing_360.wav,1,0,Racing
Racing_361.wav,1,0,Racing
Racing_362.wav,1,0,Racing
Racing_363.wav,1,0,Racing
Racing_364.wav,1,0,Racing
Racing_365.wav,1,0,Racing
Racing_366.wav,1,0,Racing
Racing_367.wav,1,0,Racing
Racing_368.wav,1,0,Racing
Racing_369.wav,1,0,Racing
Racing_37.wav,1,0,Racing
Racing_370.wav,1,0,Racing
Racing_371.wav,1,0,Racing
Racing_372.wav,1,0,Racing
Racing_373.wav,1,0,Racing
Racing_374.wav,1,0,Racing
Racing_375.wav,1,0,Racing
Racing_376.wav,1,0,Racing
Racing_377.wav,1,0,Racing
Racing_378.wav,1,0,Racing
Racing_379.wav,1,0,Racing
Racing_38.wav,1,0,Racing
Racing_380.wav,1,0,Racing
Racing_381.wav,1,0,Racing
Racing_382.wav,1,0,Racing
Racing_383.wav,1,0,Racing
Racing_384.wav,1,0,Racing
Racing_385.wav,1,0,Racing
Racing_386.wav,1,0,Racing
Racing_387.wav,1,0,Racing
Racing_388.wav,1,0,Racing
Racing_389.wav,1,0,Racing
Racing_39.wav,1,0,Racing
Racing_390.wav,1,0,Racing
Racing_391.wav,1,0,Racing
Racing_392.wav,1,0,Racing
Racing_393.wav,1,0,Racing
Racing_394.wav,1,0,Racing
Racing_395.wav,1,0,Racing
Racing_396.wav,1,0,Racing
Racing_397.wav,1,0,Racing
Racing_398.wav,1,0,Racing
Racing_399.wav,1,0,Racing
Racing_4.wav,1,0,Racing
Racing_40.wav,1,0,Racing
Racing_400.wav,1,0,Racing
Racing_401.wav,1,0,Racing
Racing_402.wav,1,0,Racing
Racing_403.wav,1,0,Racing
Racing_404.wav,1,0,Racing
Racing_405.wav,1,0,Racing
Racing_406.wav,1,0,Racing
Racing_407.wav,1,0,Racing
Racing_408.wav,1,0,Racing
Racing_409.wav,1,0,Racing
Racing_41.wav,1,0,Racing
Racing_410.wav,1,0,Racing
Racing_411.wav,1,0,Racing
Racing_412.wav,1,0,Racing
Racing_413.wav,1,0,Racing
Racing_414.wav,1,0,Racing
Racing_415.wav,1,0,Racing
Racing_416.wav,1,0,Racing
Racing_417.wav,1,0,Racing
Racing_418.wav,1,0,Racing
Racing_419.wav,1,0,Racing
Racing_42.wav,1,0,Racing
Racing_420.wav,1,0,Racing
Racing_421.wav,1,0,Racing
Racing_422.wav,1,0,Racing
Racing_423.wav,1,0,Racing
Racing_424.wav,1,0,Racing
Racing_425.wav,1,0,Racing
Racing_426.wav,1,0,Racing
Racing_427.wav,1,0,Racing
Racing_428.wav,1,0,Racing
Racing_429.wav,1,0,Racing
Racing_43.wav,1,0,Racing
Racing_430.wav,1,0,Racing
Racing_431.wav,1,0,Racing
Racing_432.wav,1,0,Racing
Racing_433.wav,1,0,Racing
Racing_434.wav,1,0,Racing
Racing_435.wav,1,0,Racing
Racing_436.wav,1,0,Racing
Racing_437.wav,1,0,Racing
Racing_438.wav,1,0,Racing
Racing_439.wav,1,0,Racing
Racing_44.wav,1,0,Racing
Racing_440.wav,1,0,Racing
Racing_441.wav,1,0,Racing
Racing_442.wav,1,0,Racing
Racing_443.wav,1,0,Racing
Racing_444.wav,1,0,Racing
Racing_445.wav,1,0,Racing
Racing_446.wav,1,0,Racing
Racing_447.wav,1,0,Racing
Racing_448.wav,1,0,Racing
Racing_449.wav,1,0,Racing
Racing_45.wav,1,0,Racing
Racing_450.wav,1,0,Racing
Racing_451.wav,1,0,Racing
Racing_452.wav,1,0,Racing
Racing_453.wav,1,0,Racing
Racing_454.wav,1,0,Racing
Racing_455.wav,1,0,Racing
Racing_456.wav,1,0,Racing
Racing_457.wav,1,0,Racing
Racing_458.wav,1,0,Racing
Racing_459.wav,1,0,Racing
Racing_46.wav,2,0,Racing
Racing_460.wav,2,0,Racing
Racing_461.wav,2,0,Racing
Racing_462.wav,2,0,Racing
Racing_463.wav,2,0,Racing
Racing_464.wav,2,0,Racing
Racing_465.wav,2,0,Racing
Racing_466.wav,2,0,Racing
Racing_467.wav,2,0,Racing
Racing_468.wav,2,0,Racing
Racing_469.wav,2,0,Racing
Racing_47.wav,2,0,Racing
Racing_470.wav,2,0,Racing
Racing_471.wav,2,0,Racing
Racing_472.wav,2,0,Racing
Racing_473.wav,2,0,Racing
Racing_474.wav,2,0,Racing
Racing_475.wav,2,0,Racing
Racing_476.wav,2,0,Racing
Racing_477.wav,2,0,Racing
Racing_478.wav,2,0,Racing
Racing_479.wav,2,0,Racing
Racing_48.wav,2,0,Racing
Racing_480.wav,2,0,Racing
Racing_481.wav,2,0,Racing
Racing_482.wav,2,0,Racing
Racing_483.wav,2,0,Racing
Racing_484.wav,2,0,Racing
Racing_485.wav,2,0,Racing
Racing_486.wav,2,0,Racing
Racing_487.wav,2,0,Racing
Racing_488.wav,2,0,Racing
Racing_489.wav,2,0,Racing
Racing_49.wav,2,0,Racing
Racing_490.wav,2,0,Racing
Racing_491.wav,2,0,Racing
Racing_492.wav,2,0,Racing
Racing_493.wav,2,0,Racing
Racing_494.wav,2,0,Racing
Racing_495.wav,2,0,Racing
Racing_496.wav,2,0,Racing
Racing_497.wav,2,0,Racing
Racing_498.wav,2,0,Racing
Racing_499.wav,2,0,Racing
Racing_5.wav,2,0,Racing
Racing_50.wav,2,0,Racing
Racing_500.wav,2,0,Racing
Racing_51.wav,2,0,Racing
Racing_52.wav,2,0,Racing
Racing_53.wav,2,0,Racing
Racing_54.wav,3,0,Racing
Racing_55.wav,3,0,Racing
Racing_56.wav,3,0,Racing
Racing_57.wav,3,0,Racing
Racing_58.wav,3,0,Racing
Racing_59.wav,3,0,Racing
Racing_6.wav,3,0,Racing
Racing_60.wav,3,0,Racing
Racing_61.wav,3,0,Racing
Racing_62.wav,3,0,Racing
Racing_63.wav,3,0,Racing
Racing_64.wav,3,0,Racing
Racing_65.wav,3,0,Racing
Racing_66.wav,3,0,Racing
Racing_67.wav,3,0,Racing
Racing_68.wav,3,0,Racing
Racing_69.wav,3,0,Racing
Racing_7.wav,3,0,Racing
Racing_70.wav,3,0,Racing
Racing_71.wav,3,0,Racing
Racing_72.wav,3,0,Racing
Racing_73.wav,3,0,Racing
Racing_74.wav,3,0,Racing
Racing_75.wav,3,0,Racing
Racing_76.wav,3,0,Racing
Racing_77.wav,3,0,Racing
Racing_78.wav,3,0,Racing
Racing_79.wav,3,0,Racing
Racing_8.wav,3,0,Racing
Racing_80.wav,3,0,Racing
Racing_81.wav,3,0,Racing
Racing_82.wav,3,0,Racing
Racing_83.wav,3,0,Racing
Racing_84.wav,3,0,Racing
Racing_85.wav,3,0,Racing
Racing_86.wav,3,0,Racing
Racing_87.wav,3,0,Racing
Racing_88.wav,3,0,Racing
Racing_89.wav,3,0,Racing
Racing_9.wav,3,0,Racing
Racing_90.wav,3,0,Racing
Racing_91.wav,3,0,Racing
Racing_92.wav,3,0,Racing
Racing_93.wav,3,0,Racing
Racing_94.wav,3,0,Racing
Racing_95.wav,3,0,Racing
Racing_96.wav,3,0,Racing
Racing_97.wav,3,0,Racing
Racing_98.wav,3,0,Racing
Racing_99.wav,3,0,Racing
Other_1.wav,3,1,Other
Other_10.wav,3,1,Other
Other_100.wav,3,1,Other
Other_101.wav,3,1,Other
Other_102.wav,3,1,Other
Other_103.wav,3,1,Other
Other_104.wav,3,1,Other
Other_105.wav,3,1,Other
Other_106.wav,3,1,Other
Other_107.wav,3,1,Other
Other_108.wav,3,1,Other
Other_109.wav,3,1,Other
Other_11.wav,3,1,Other
Other_110.wav,3,1,Other
Other_111.wav,3,1,Other
Other_112.wav,3,1,Other
Other_113.wav,3,1,Other
Other_114.wav,3,1,Other
Other_115.wav,3,1,Other
Other_116.wav,3,1,Other
Other_117.wav,3,1,Other
Other_118.wav,3,1,Other
Other_119.wav,3,1,Other
Other_12.wav,3,1,Other
Other_120.wav,3,1,Other
Other_121.wav,3,1,Other
Other_122.wav,3,1,Other
Other_123.wav,3,1,Other
Other_124.wav,3,1,Other
Other_125.wav,3,1,Other
Other_126.wav,3,1,Other
Other_127.wav,3,1,Other
Other_128.wav,3,1,Other
Other_129.wav,3,1,Other
Other_13.wav,3,1,Other
Other_130.wav,3,1,Other
Other_131.wav,3,1,Other
Other_132.wav,3,1,Other
Other_133.wav,3,1,Other
Other_134.wav,3,1,Other
Other_135.wav,3,1,Other
Other_136.wav,3,1,Other
Other_137.wav,3,1,Other
Other_138.wav,3,1,Other
Other_139.wav,3,1,Other
Other_14.wav,3,1,Other
Other_140.wav,3,1,Other
Other_141.wav,3,1,Other
Other_142.wav,3,1,Other
Other_143.wav,3,1,Other
Other_144.wav,2,1,Other
Other_145.wav,2,1,Other
Other_146.wav,2,1,Other
Other_147.wav,2,1,Other
Other_148.wav,2,1,Other
Other_149.wav,2,1,Other
Other_15.wav,2,1,Other
Other_150.wav,2,1,Other
Other_151.wav,2,1,Other
Other_152.wav,2,1,Other
Other_153.wav,2,1,Other
Other_154.wav,2,1,Other
Other_155.wav,2,1,Other
Other_156.wav,2,1,Other
Other_157.wav,2,1,Other
Other_158.wav,2,1,Other
Other_159.wav,2,1,Other
Other_16.wav,2,1,Other
Other_160.wav,2,1,Other
Other_161.wav,2,1,Other
Other_162.wav,2,1,Other
Other_163.wav,2,1,Other
Other_164.wav,2,1,Other
Other_165.wav,2,1,Other
Other_166.wav,2,1,Other
Other_167.wav,2,1,Other
Other_168.wav,2,1,Other
Other_169.wav,2,1,Other
Other_17.wav,2,1,Other
Other_170.wav,2,1,Other
Other_171.wav,2,1,Other
Other_172.wav,2,1,Other
Other_173.wav,2,1,Other
Other_174.wav,2,1,Other
Other_175.wav,2,1,Other
Other_176.wav,2,1,Other
Other_177.wav,2,1,Other
Other_178.wav,2,1,Other
Other_179.wav,2,1,Other
Other_18.wav,2,1,Other
Other_180.wav,2,1,Other
Other_181.wav,2,1,Other
Other_182.wav,2,1,Other
Other_183.wav,2,1,Other
Other_184.wav,2,1,Other
Other_185.wav,2,1,Other
Other_186.wav,2,1,Other
Other_187.wav,2,1,Other
Other_188.wav,2,1,Other
Other_189.wav,2,1,Other
Other_19.wav,1,1,Other
Other_190.wav,1,1,Other
Other_191.wav,1,1,Other
Other_192.wav,1,1,Other
Other_193.wav,1,1,Other
Other_194.wav,1,1,Other
Other_195.wav,1,1,Other
Other_196.wav,1,1,Other
Other_197.wav,1,1,Other
Other_198.wav,1,1,Other
Other_199.wav,1,1,Other
Other_2.wav,1,1,Other
Other_20.wav,1,1,Other
Other_200.wav,1,1,Other
Other_201.wav,1,1,Other
Other_202.wav,1,1,Other
Other_203.wav,1,1,Other
Other_204.wav,1,1,Other
Other_205.wav,1,1,Other
Other_206.wav,1,1,Other
Other_207.wav,1,1,Other
Other_208.wav,1,1,Other
Other_209.wav,1,1,Other
Other_21.wav,1,1,Other
Other_210.wav,1,1,Other
Other_211.wav,1,1,Other
Other_212.wav,1,1,Other
Other_213.wav,1,1,Other
Other_214.wav,1,1,Other
Other_215.wav,1,1,Other
Other_216.wav,1,1,Other
Other_217.wav,1,1,Other
Other_218.wav,1,1,Other
Other_219.wav,1,1,Other
Other_22.wav,1,1,Other
Other_220.wav,1,1,Other
Other_221.wav,1,1,Other
Other_222.wav,1,1,Other
Other_223.wav,1,1,Other
Other_224.wav,1,1,Other
Other_225.wav,1,1,Other
Other_226.wav,1,1,Other
Other_227.wav,1,1,Other
Other_228.wav,1,1,Other
Other_229.wav,1,1,Other
Other_23.wav,1,1,Other
Other_230.wav,1,1,Other
Other_231.wav,1,1,Other
Other_232.wav,1,1,Other
Other_233.wav,1,1,Other
Other_234.wav,1,1,Other
Other_235.wav,1,1,Other
Other_236.wav,1,1,Other
Other_237.wav,1,1,Other
Other_238.wav,1,1,Other
Other_239.wav,1,1,Other
Other_24.wav,1,1,Other
Other_240.wav,1,1,Other
Other_241.wav,1,1,Other
Other_242.wav,1,1,Other
Other_243.wav,1,1,Other
Other_244.wav,1,1,Other
Other_245.wav,1,1,Other
Other_246.wav,1,1,Other
Other_247.wav,1,1,Other
Other_248.wav,1,1,Other
Other_249.wav,1,1,Other
Other_25.wav,1,1,Other
Other_250.wav,1,1,Other
Other_251.wav,1,1,Other
Other_252.wav,1,1,Other
Other_253.wav,1,1,Other
Other_254.wav,1,1,Other
Other_255.wav,1,1,Other
Other_256.wav,1,1,Other
Other_257.wav,1,1,Other
Other_258.wav,1,1,Other
Other_259.wav,1,1,Other
Other_26.wav,1,1,Other
Other_260.wav,1,1,Other
Other_261.wav,1,1,Other
Other_262.wav,1,1,Other
Other_263.wav,1,1,Other
Other_264.wav,1,1,Other
Other_265.wav,1,1,Other
Other_266.wav,1,1,Other
Other_267.wav,1,1,Other
Other_268.wav,1,1,Other
Other_269.wav,1,1,Other
Other_27.wav,1,1,Other
Other_270.wav,1,1,Other
Other_271.wav,1,1,Other
Other_272.wav,1,1,Other
Other_273.wav,1,1,Other
Other_274.wav,1,1,Other
Other_275.wav,1,1,Other
Other_276.wav,1,1,Other
Other_277.wav,1,1,Other
Other_278.wav,1,1,Other
Other_279.wav,1,1,Other
Other_28.wav,1,1,Other
Other_280.wav,1,1,Other
Other_281.wav,1,1,Other
Other_282.wav,1,1,Other
Other_283.wav,1,1,Other
Other_284.wav,1,1,Other
Other_285.wav,1,1,Other
Other_286.wav,1,1,Other
Other_287.wav,1,1,Other
Other_288.wav,1,1,Other
Other_289.wav,1,1,Other
Other_29.wav,1,1,Other
Other_290.wav,1,1,Other
Other_291.wav,1,1,Other
Other_292.wav,1,1,Other
Other_293.wav,1,1,Other
Other_294.wav,1,1,Other
Other_295.wav,1,1,Other
Other_296.wav,1,1,Other
Other_297.wav,1,1,Other
Other_298.wav,1,1,Other
Other_299.wav,1,1,Other
Other_3.wav,1,1,Other
Other_30.wav,1,1,Other
Other_300.wav,1,1,Other
Other_301.wav,1,1,Other
Other_302.wav,1,1,Other
Other_303.wav,1,1,Other
Other_304.wav,1,1,Other
Other_305.wav,1,1,Other
Other_306.wav,1,1,Other
Other_307.wav,1,1,Other
Other_308.wav,1,1,Other
Other_309.wav,1,1,Other
Other_31.wav,1,1,Other
Other_310.wav,1,1,Other
Other_311.wav,1,1,Other
Other_312.wav,1,1,Other
Other_313.wav,1,1,Other
Other_314.wav,1,1,Other
Other_315.wav,1,1,Other
Other_316.wav,1,1,Other
Other_317.wav,1,1,Other
Other_318.wav,1,1,Other
Other_319.wav,1,1,Other
Other_32.wav,1,1,Other
Other_320.wav,1,1,Other
Other_321.wav,1,1,Other
Other_322.wav,1,1,Other
Other_323.wav,1,1,Other
Other_324.wav,1,1,Other
Other_325.wav,1,1,Other
Other_326.wav,1,1,Other
Other_327.wav,1,1,Other
Other_328.wav,1,1,Other
Other_329.wav,1,1,Other
Other_33.wav,1,1,Other
Other_330.wav,1,1,Other
Other_331.wav,1,1,Other
Other_332.wav,1,1,Other
Other_333.wav,1,1,Other
Other_334.wav,1,1,Other
Other_335.wav,1,1,Other
Other_336.wav,1,1,Other
Other_337.wav,1,1,Other
Other_338.wav,1,1,Other
Other_339.wav,1,1,Other
Other_34.wav,1,1,Other
Other_340.wav,1,1,Other
Other_341.wav,1,1,Other
Other_342.wav,1,1,Other
Other_343.wav,1,1,Other
Other_344.wav,1,1,Other
Other_345.wav,1,1,Other
Other_346.wav,1,1,Other
Other_347.wav,1,1,Other
Other_348.wav,1,1,Other
Other_349.wav,1,1,Other
Other_35.wav,1,1,Other
Other_350.wav,1,1,Other
Other_351.wav,1,1,Other
Other_352.wav,1,1,Other
Other_353.wav,1,1,Other
Other_354.wav,1,1,Other
Other_355.wav,1,1,Other
Other_356.wav,1,1,Other
Other_357.wav,1,1,Other
Other_358.wav,1,1,Other
Other_359.wav,1,1,Other
Other_36.wav,1,1,Other
Other_360.wav,1,1,Other
Other_361.wav,1,1,Other
Other_362.wav,1,1,Other
Other_363.wav,1,1,Other
Other_364.wav,1,1,Other
Other_365.wav,1,1,Other
Other_366.wav,1,1,Other
Other_367.wav,1,1,Other
Other_368.wav,1,1,Other
Other_369.wav,1,1,Other
Other_37.wav,1,1,Other
Other_370.wav,1,1,Other
Other_371.wav,1,1,Other
Other_372.wav,1,1,Other
Other_373.wav,1,1,Other
Other_374.wav,1,1,Other
Other_375.wav,1,1,Other
Other_376.wav,1,1,Other
Other_377.wav,1,1,Other
Other_378.wav,1,1,Other
Other_379.wav,1,1,Other
Other_38.wav,1,1,Other
Other_380.wav,1,1,Other
Other_381.wav,1,1,Other
Other_382.wav,1,1,Other
Other_383.wav,1,1,Other
Other_384.wav,1,1,Other
Other_385.wav,1,1,Other
Other_386.wav,1,1,Other
Other_387.wav,1,1,Other
Other_388.wav,1,1,Other
Other_389.wav,1,1,Other
Other_39.wav,1,1,Other
Other_390.wav,1,1,Other
Other_391.wav,1,1,Other
Other_392.wav,1,1,Other
Other_393.wav,1,1,Other
Other_394.wav,1,1,Other
Other_395.wav,1,1,Other
Other_396.wav,1,1,Other
Other_397.wav,1,1,Other
Other_398.wav,1,1,Other
Other_399.wav,1,1,Other
Other_4.wav,1,1,Other
Other_40.wav,1,1,Other
Other_400.wav,1,1,Other
Other_401.wav,1,1,Other
Other_402.wav,1,1,Other
Other_403.wav,1,1,Other
Other_404.wav,1,1,Other
Other_405.wav,1,1,Other
Other_406.wav,1,1,Other
Other_407.wav,1,1,Other
Other_408.wav,1,1,Other
Other_409.wav,1,1,Other
Other_41.wav,1,1,Other
Other_410.wav,1,1,Other
Other_411.wav,1,1,Other
Other_412.wav,1,1,Other
Other_413.wav,1,1,Other
Other_414.wav,1,1,Other
Other_415.wav,1,1,Other
Other_416.wav,1,1,Other
Other_417.wav,1,1,Other
Other_418.wav,1,1,Other
Other_419.wav,1,1,Other
Other_42.wav,1,1,Other
Other_420.wav,1,1,Other
Other_421.wav,1,1,Other
Other_422.wav,1,1,Other
Other_423.wav,1,1,Other
Other_424.wav,1,1,Other
Other_425.wav,1,1,Other
Other_426.wav,1,1,Other
Other_427.wav,1,1,Other
Other_428.wav,1,1,Other
Other_429.wav,1,1,Other
Other_43.wav,1,1,Other
Other_430.wav,1,1,Other
Other_431.wav,1,1,Other
Other_432.wav,1,1,Other
Other_433.wav,1,1,Other
Other_434.wav,1,1,Other
Other_435.wav,1,1,Other
Other_436.wav,1,1,Other
Other_437.wav,1,1,Other
Other_438.wav,1,1,Other
Other_439.wav,1,1,Other
Other_44.wav,1,1,Other
Other_440.wav,1,1,Other
Other_441.wav,1,1,Other
Other_442.wav,1,1,Other
Other_443.wav,1,1,Other
Other_444.wav,1,1,Other
Other_445.wav,1,1,Other
Other_446.wav,1,1,Other
Other_447.wav,1,1,Other
Other_448.wav,1,1,Other
Other_449.wav,1,1,Other
Other_45.wav,1,1,Other
Other_450.wav,1,1,Other
Other_451.wav,1,1,Other
Other_452.wav,1,1,Other
Other_453.wav,1,1,Other
Other_454.wav,1,1,Other
Other_455.wav,1,1,Other
Other_456.wav,1,1,Other
Other_457.wav,1,1,Other
Other_458.wav,1,1,Other
Other_459.wav,1,1,Other
Other_46.wav,1,1,Other
Other_460.wav,1,1,Other
Other_461.wav,1,1,Other
Other_462.wav,1,1,Other
Other_463.wav,1,1,Other
Other_464.wav,1,1,Other
Other_465.wav,1,1,Other
Other_466.wav,1,1,Other
Other_467.wav,1,1,Other
Other_468.wav,1,1,Other
Other_469.wav,1,1,Other
Other_47.wav,1,1,Other
Other_470.wav,1,1,Other
Other_471.wav,1,1,Other
Other_472.wav,1,1,Other
Other_473.wav,1,1,Other
Other_474.wav,1,1,Other
Other_475.wav,1,1,Other
Other_476.wav,1,1,Other
Other_477.wav,1,1,Other
Other_478.wav,1,1,Other
Other_479.wav,1,1,Other
Other_48.wav,1,1,Other
Other_480.wav,1,1,Other
Other_481.wav,1,1,Other
Other_482.wav,1,1,Other
Other_483.wav,1,1,Other
Other_484.wav,1,1,Other
Other_485.wav,1,1,Other
Other_486.wav,1,1,Other
Other_487.wav,1,1,Other
Other_488.wav,1,1,Other
Other_489.wav,1,1,Other
Other_49.wav,1,1,Other
Other_490.wav,1,1,Other
Other_491.wav,1,1,Other
Other_492.wav,1,1,Other
Other_493.wav,1,1,Other
Other_494.wav,1,1,Other
Other_495.wav,1,1,Other
Other_496.wav,1,1,Other
Other_497.wav,1,1,Other
Other_498.wav,1,1,Other
Other_499.wav,1,1,Other
Other_5.wav,1,1,Other
Other_50.wav,1,1,Other
Other_500.wav,1,1,Other
Other_51.wav,1,1,Other
Other_52.wav,1,1,Other
Other_53.wav,1,1,Other
Other_54.wav,1,1,Other
Other_55.wav,1,1,Other
Other_56.wav,1,1,Other
Other_57.wav,1,1,Other
Other_58.wav,1,1,Other
Other_59.wav,1,1,Other
Other_6.wav,1,1,Other
Other_60.wav,1,1,Other
Other_61.wav,1,1,Other
Other_62.wav,1,1,Other
Other_63.wav,1,1,Other
Other_64.wav,1,1,Other
Other_65.wav,1,1,Other
Other_66.wav,1,1,Other
Other_67.wav,1,1,Other
Other_68.wav,1,1,Other
Other_69.wav,1,1,Other
Other_7.wav,1,1,Other
Other_70.wav,1,1,Other
Other_71.wav,1,1,Other
Other_72.wav,1,1,Other
Other_73.wav,1,1,Other
Other_74.wav,1,1,Other
Other_75.wav,1,1,Other
Other_76.wav,1,1,Other
Other_77.wav,1,1,Other
Other_78.wav,1,1,Other
Other_79.wav,1,1,Other
Other_8.wav,1,1,Other
Other_80.wav,1,1,Other
Other_81.wav,1,1,Other
Other_82.wav,1,1,Other
Other_83.wav,1,1,Other
Other_84.wav,1,1,Other
Other_85.wav,1,1,Other
Other_86.wav,1,1,Other
Other_87.wav,1,1,Other
Other_88.wav,1,1,Other
Other_89.wav,1,1,Other
Other_9.wav,1,1,Other
Other_90.wav,1,1,Other
Other_91.wav,1,1,Other
Other_92.wav,1,1,Other
Other_93.wav,1,1,Other
Other_94.wav,1,1,Other
Other_95.wav,1,1,Other
Other_96.wav,1,1,Other
Other_97.wav,1,1,Other
Other_98.wav,1,1,Other
Other_99.wav,1,1,Other
